student_id,age,gender,study_hours_per_day,attendance_percent,previous_marks,parent_education,internet_access,extra_classes,final_marks,result
1,17,Male,4.4,59.3,67,Graduate,No,No,57,Fail
2,19,Male,9.6,77.1,46,Primary,No,No,74,Pass
3,17,Female,7.6,93.6,74,Postgraduate,Yes,No,83,Pass
4,18,Female,6.4,86.6,94,Postgraduate,Yes,Yes,74,Pass
5,19,Male,2.4,90.3,67,Postgraduate,No,Yes,54,Fail
6,17,Male,2.4,82.9,53,Graduate,Yes,Yes,47,Fail
7,18,Female,1.5,84.6,95,Secondary,No,Yes,55,Fail
8,15,Female,8.8,92.5,49,Secondary,No,Yes,79,Pass
9,18,Female,6.4,62.5,55,Secondary,No,Yes,61,Pass
10,19,Male,7.4,74.5,55,Secondary,Yes,No,71,Pass
11,16,Female,1.2,61.1,93,Secondary,No,Yes,47,Fail
12,15,Female,9.7,99.4,70,Graduate,No,No,87,Pass
13,17,Male,8.5,97.2,81,Graduate,Yes,Yes,87,Pass
14,19,Male,2.9,52.0,64,Secondary,No,Yes,43,Fail
15,16,Male,2.6,85.3,52,Graduate,Yes,Yes,53,Fail
16,18,Female,2.7,96.3,45,Graduate,No,No,50,Fail
17,16,Male,3.7,59.0,83,Secondary,Yes,Yes,53,Fail
18,19,Male,5.7,78.4,48,Postgraduate,No,Yes,57,Fail
19,19,Male,4.9,95.8,84,Graduate,No,No,73,Pass
20,16,Male,3.6,51.7,75,Postgraduate,No,No,48,Fail
21,18,Female,6.5,84.9,95,Graduate,No,No,81,Pass
22,16,Male,2.3,64.9,82,Graduate,No,No,48,Fail
23,19,Female,3.6,96.2,59,Secondary,Yes,Yes,61,Pass
24,19,Female,4.3,98.6,57,Graduate,Yes,No,59,Fail
25,17,Female,5.1,97.2,97,Primary,No,Yes,82,Pass
26,17,Male,8.1,73.7,82,Primary,No,Yes,79,Pass
27,15,Female,2.8,93.1,96,Secondary,No,No,63,Pass
28,19,Male,5.6,92.2,60,Postgraduate,Yes,Yes,64,Pass
29,17,Male,6.3,66.0,43,Postgraduate,Yes,No,61,Pass
30,16,Male,1.4,91.4,89,Postgraduate,No,Yes,61,Pass
31,18,Female,6.5,51.9,72,Primary,Yes,No,59,Fail
32,16,Male,2.5,79.8,66,Postgraduate,No,No,54,Fail
33,18,Male,1.6,61.5,46,Postgraduate,No,No,35,Fail
34,17,Male,9.5,56.0,45,Secondary,No,No,70,Pass
35,15,Female,9.7,53.8,54,Postgraduate,Yes,No,72,Pass
36,16,Female,8.3,84.8,57,Primary,No,No,77,Pass
37,16,Female,3.7,67.0,71,Primary,No,Yes,57,Fail
38,16,Male,1.9,86.2,95,Primary,No,Yes,61,Pass
39,18,Female,7.2,53.3,50,Secondary,Yes,Yes,60,Pass
40,17,Male,5.0,65.8,59,Secondary,Yes,No,56,Fail
41,16,Male,2.1,77.0,63,Graduate,Yes,Yes,51,Fail
42,16,Female,5.5,89.5,54,Postgraduate,No,No,60,Pass
43,15,Male,1.3,65.9,87,Secondary,Yes,Yes,46,Fail
44,15,Female,9.2,81.3,46,Primary,No,Yes,77,Pass
45,17,Male,3.3,94.3,60,Primary,Yes,No,58,Fail
46,17,Female,7.0,80.8,81,Secondary,No,Yes,75,Pass
47,19,Male,3.8,61.6,65,Secondary,Yes,Yes,50,Fail
48,15,Male,5.7,51.2,83,Secondary,No,Yes,62,Pass
49,19,Male,5.9,93.5,95,Graduate,Yes,No,77,Pass
50,18,Male,2.7,51.1,53,Primary,Yes,Yes,45,Fail
51,19,Male,9.7,93.7,96,Graduate,Yes,No,98,Pass
52,16,Female,8.0,76.4,76,Graduate,No,Yes,77,Pass
53,19,Male,9.5,97.0,97,Postgraduate,Yes,Yes,91,Pass
54,17,Female,9.1,89.9,60,Primary,Yes,Yes,82,Pass
55,18,Female,6.4,99.9,57,Primary,Yes,Yes,73,Pass
56,16,Female,9.3,67.5,44,Secondary,Yes,No,74,Pass
57,19,Male,1.8,88.4,42,Secondary,No,Yes,50,Fail
58,18,Male,2.8,70.1,62,Postgraduate,Yes,No,48,Fail
59,18,Male,1.4,74.0,65,Graduate,No,No,49,Fail
60,16,Female,3.9,81.4,76,Secondary,No,Yes,62,Pass
61,19,Male,4.5,93.7,63,Secondary,No,Yes,63,Pass
62,18,Male,3.4,99.2,88,Primary,No,No,67,Pass
63,18,Female,8.5,88.4,58,Primary,Yes,No,73,Pass
64,15,Female,4.2,70.9,90,Secondary,No,Yes,61,Pass
65,18,Female,3.5,71.1,64,Primary,No,Yes,52,Fail
66,15,Female,5.9,86.9,60,Postgraduate,No,Yes,66,Pass
67,19,Female,2.3,61.9,51,Secondary,No,Yes,45,Fail
68,19,Female,8.2,55.5,96,Primary,Yes,Yes,78,Pass
69,19,Male,1.7,67.7,80,Postgraduate,Yes,No,49,Fail
70,17,Female,9.9,64.4,72,Primary,No,Yes,81,Pass
71,19,Male,8.0,64.8,89,Primary,No,Yes,80,Pass
72,18,Male,2.8,61.7,92,Primary,No,No,53,Fail
73,16,Male,1.0,52.1,43,Secondary,Yes,Yes,35,Fail
74,15,Female,8.3,50.9,81,Graduate,Yes,Yes,68,Pass
75,17,Male,7.4,99.4,96,Primary,Yes,No,84,Pass
76,19,Female,7.6,71.4,46,Postgraduate,Yes,Yes,67,Pass
77,19,Female,7.9,69.2,61,Secondary,Yes,No,66,Pass
78,16,Male,1.7,84.0,94,Secondary,No,Yes,63,Pass
79,16,Female,4.2,60.9,72,Postgraduate,Yes,Yes,51,Fail
80,17,Male,2.0,97.5,56,Primary,Yes,Yes,57,Fail
81,15,Male,8.8,89.3,63,Graduate,No,No,75,Pass
82,19,Female,6.6,54.5,73,Primary,Yes,No,68,Pass
83,17,Male,4.0,70.9,67,Postgraduate,Yes,No,61,Pass
84,18,Male,1.6,94.0,97,Secondary,Yes,No,59,Fail
85,18,Male,3.8,97.2,82,Graduate,No,Yes,68,Pass
86,17,Female,3.9,73.4,80,Secondary,Yes,No,61,Pass
87,19,Male,7.6,80.7,78,Postgraduate,No,No,73,Pass
88,17,Female,6.7,58.4,61,Primary,No,No,63,Pass
89,19,Female,9.0,99.6,88,Graduate,Yes,Yes,94,Pass
90,16,Male,5.2,61.6,56,Secondary,Yes,Yes,52,Fail
91,17,Male,2.1,97.1,73,Secondary,Yes,No,61,Pass
92,19,Female,7.4,82.5,45,Secondary,Yes,No,70,Pass
93,17,Female,7.8,80.4,85,Primary,No,Yes,80,Pass
94,17,Male,6.1,75.6,45,Graduate,Yes,No,59,Fail
95,19,Male,7.9,61.5,73,Primary,No,No,74,Pass
96,19,Female,5.4,58.8,40,Primary,No,No,54,Fail
97,15,Female,5.7,61.0,49,Primary,No,No,50,Fail
98,17,Female,4.8,59.3,60,Postgraduate,No,Yes,51,Fail
99,18,Female,1.2,89.0,44,Postgraduate,No,Yes,47,Fail
100,17,Female,2.0,67.5,41,Postgraduate,Yes,Yes,36,Fail
101,17,Male,1.3,52.9,61,Graduate,No,No,37,Fail
102,19,Female,6.7,98.5,87,Primary,No,No,80,Pass
103,17,Female,3.8,94.2,96,Primary,Yes,Yes,68,Pass
104,17,Male,5.6,96.4,41,Postgraduate,Yes,Yes,60,Pass
105,18,Male,9.2,99.7,49,Primary,No,Yes,78,Pass
106,19,Female,3.2,58.7,73,Primary,No,No,47,Fail
107,17,Female,4.7,69.8,55,Secondary,Yes,Yes,56,Fail
108,16,Male,7.8,87.9,87,Primary,No,No,85,Pass
109,15,Female,3.1,84.8,90,Secondary,Yes,No,61,Pass
110,18,Female,1.7,57.7,78,Primary,Yes,Yes,46,Fail
111,17,Male,3.6,90.8,61,Graduate,No,Yes,54,Fail
112,16,Female,2.5,61.2,51,Postgraduate,Yes,No,47,Fail
113,17,Male,9.4,61.2,63,Secondary,No,Yes,75,Pass
114,17,Male,8.3,76.8,86,Postgraduate,No,Yes,86,Pass
115,19,Male,6.7,79.6,79,Secondary,No,No,69,Pass
116,19,Male,8.8,79.0,77,Secondary,Yes,No,85,Pass
117,19,Female,8.2,54.6,99,Secondary,No,No,80,Pass
118,16,Male,2.7,93.9,98,Graduate,Yes,No,69,Pass
119,17,Female,9.0,63.3,49,Primary,No,No,73,Pass
120,15,Female,5.9,56.5,74,Secondary,No,Yes,63,Pass
121,18,Female,8.3,94.4,90,Graduate,Yes,No,87,Pass
122,19,Female,9.1,97.8,88,Secondary,No,No,91,Pass
123,19,Female,3.9,93.1,71,Primary,No,No,63,Pass
124,17,Male,2.0,90.5,46,Secondary,Yes,Yes,43,Fail
125,17,Male,3.1,82.8,60,Graduate,Yes,No,57,Fail
126,16,Male,4.8,77.5,59,Primary,Yes,No,55,Fail
127,16,Male,8.4,54.3,65,Graduate,No,No,67,Pass
128,19,Female,8.7,70.4,43,Primary,Yes,Yes,71,Pass
129,17,Male,1.1,68.6,85,Primary,Yes,No,53,Fail
130,15,Female,5.6,63.0,91,Postgraduate,No,No,67,Pass
131,18,Female,4.8,86.2,61,Postgraduate,Yes,No,61,Pass
132,17,Male,3.0,74.8,54,Postgraduate,No,Yes,47,Fail
133,17,Male,2.1,54.1,95,Primary,No,Yes,50,Fail
134,16,Male,4.0,61.0,79,Secondary,Yes,Yes,57,Fail
135,18,Male,9.5,84.2,60,Graduate,No,Yes,85,Pass
136,19,Female,3.9,53.8,54,Graduate,Yes,No,42,Fail
137,17,Female,5.7,92.6,61,Graduate,Yes,No,67,Pass
138,19,Male,7.3,74.8,91,Postgraduate,Yes,Yes,78,Pass
139,17,Female,4.3,74.0,67,Primary,Yes,Yes,60,Pass
140,19,Female,9.7,79.6,53,Postgraduate,No,No,81,Pass
141,18,Female,9.7,91.2,66,Secondary,No,No,82,Pass
142,16,Male,3.3,67.4,80,Primary,Yes,Yes,53,Fail
143,18,Female,5.5,83.9,79,Graduate,Yes,Yes,67,Pass
144,15,Male,3.7,78.3,97,Postgraduate,No,Yes,70,Pass
145,16,Male,3.6,63.4,67,Postgraduate,Yes,Yes,54,Fail
146,18,Female,1.3,93.9,65,Secondary,No,No,55,Fail
147,15,Female,6.5,89.9,88,Secondary,Yes,Yes,75,Pass
148,17,Male,5.5,82.9,41,Postgraduate,No,Yes,58,Fail
149,17,Female,1.5,92.5,64,Secondary,No,No,50,Fail
150,19,Female,3.5,93.4,95,Graduate,No,No,66,Pass
151,16,Male,9.2,85.4,42,Secondary,Yes,No,78,Pass
152,17,Male,3.2,91.9,47,Secondary,Yes,No,57,Fail
153,16,Male,2.3,84.9,83,Postgraduate,Yes,No,59,Fail
154,17,Male,5.4,84.0,72,Postgraduate,Yes,Yes,68,Pass
155,19,Female,9.9,80.9,81,Primary,Yes,Yes,90,Pass
156,18,Female,3.2,87.6,91,Primary,No,Yes,66,Pass
157,19,Male,7.0,57.9,74,Postgraduate,No,No,62,Pass
158,15,Male,7.9,94.0,45,Secondary,No,Yes,71,Pass
159,17,Male,3.1,93.6,78,Secondary,No,No,64,Pass
160,15,Female,7.6,51.5,91,Primary,No,Yes,69,Pass
161,15,Male,4.3,91.3,62,Primary,No,Yes,66,Pass
162,16,Female,6.7,56.4,64,Primary,No,No,64,Pass
163,17,Male,6.7,66.8,98,Graduate,Yes,No,78,Pass
164,15,Male,5.8,87.2,89,Graduate,No,Yes,77,Pass
165,18,Male,1.8,58.0,82,Primary,Yes,Yes,47,Fail
166,15,Female,8.5,90.9,58,Secondary,No,Yes,74,Pass
167,18,Female,3.9,91.6,44,Primary,No,Yes,53,Fail
168,16,Female,2.7,75.4,90,Graduate,Yes,Yes,60,Pass
169,15,Male,1.4,50.3,50,Secondary,No,No,35,Fail
170,19,Female,6.3,64.4,95,Graduate,Yes,No,75,Pass
171,16,Female,7.1,80.8,51,Secondary,No,No,67,Pass
172,18,Male,1.1,99.1,49,Graduate,Yes,No,48,Fail
173,16,Male,5.6,81.6,47,Secondary,No,Yes,55,Fail
174,15,Female,3.0,63.0,63,Secondary,Yes,Yes,47,Fail
175,17,Female,6.8,81.7,99,Secondary,Yes,No,80,Pass
176,17,Female,2.6,77.0,67,Secondary,No,Yes,50,Fail
177,18,Female,7.2,89.0,80,Postgraduate,No,No,82,Pass
178,18,Male,4.5,55.3,75,Graduate,Yes,Yes,52,Fail
179,17,Male,9.4,88.1,76,Graduate,No,Yes,86,Pass
180,18,Male,2.2,77.1,60,Postgraduate,Yes,Yes,49,Fail
181,16,Female,4.1,98.1,47,Secondary,No,No,63,Pass
182,19,Female,2.0,67.1,94,Secondary,Yes,No,55,Fail
183,19,Male,9.3,81.6,48,Graduate,No,No,75,Pass
184,16,Male,8.9,96.6,86,Postgraduate,Yes,No,94,Pass
185,19,Female,3.3,55.1,54,Secondary,No,Yes,44,Fail
186,15,Female,6.9,96.9,87,Secondary,Yes,Yes,82,Pass
187,16,Male,8.4,84.4,85,Secondary,Yes,Yes,86,Pass
188,18,Male,6.0,53.4,79,Primary,No,Yes,59,Fail
189,16,Male,5.8,65.0,57,Postgraduate,No,No,59,Fail
190,17,Female,3.2,85.4,81,Secondary,Yes,Yes,57,Fail
191,18,Female,1.8,53.4,99,Primary,Yes,Yes,50,Fail
192,17,Female,9.1,79.1,59,Postgraduate,Yes,Yes,81,Pass
193,18,Female,9.1,67.3,45,Secondary,Yes,No,67,Pass
194,19,Female,6.7,81.0,51,Graduate,No,No,69,Pass
195,16,Female,4.1,52.3,41,Primary,Yes,No,41,Fail
196,15,Male,4.1,93.6,46,Primary,Yes,Yes,58,Fail
197,18,Male,7.5,98.7,55,Secondary,Yes,No,71,Pass
198,18,Female,9.1,98.4,42,Secondary,No,Yes,78,Pass
199,17,Male,9.0,87.5,84,Primary,Yes,Yes,85,Pass
200,19,Female,8.0,56.5,42,Graduate,No,Yes,63,Pass
201,17,Male,6.8,87.9,66,Graduate,No,No,76,Pass
202,17,Female,1.8,51.2,89,Postgraduate,No,No,47,Fail
203,19,Male,2.5,51.1,82,Secondary,No,Yes,53,Fail
204,15,Male,9.1,66.2,79,Graduate,No,Yes,83,Pass
205,17,Female,6.5,74.4,77,Postgraduate,No,No,71,Pass
206,17,Female,1.1,88.5,72,Graduate,No,No,47,Fail
207,18,Male,1.9,84.2,67,Secondary,Yes,No,50,Fail
208,19,Male,7.0,72.3,40,Postgraduate,Yes,Yes,62,Pass
209,16,Female,1.0,63.7,94,Postgraduate,No,Yes,46,Fail
210,15,Male,2.4,99.9,47,Postgraduate,Yes,Yes,55,Fail
211,15,Female,5.9,71.3,76,Graduate,Yes,No,71,Pass
212,19,Female,7.2,72.6,71,Secondary,No,No,71,Pass
213,18,Male,6.9,58.2,99,Postgraduate,Yes,No,73,Pass
214,18,Female,3.0,89.7,87,Primary,No,Yes,69,Pass
215,19,Male,7.4,84.7,82,Secondary,Yes,Yes,82,Pass
216,18,Male,3.1,61.0,76,Primary,No,No,49,Fail
217,15,Female,3.9,54.1,43,Primary,No,Yes,43,Fail
218,15,Male,7.7,84.0,69,Postgraduate,Yes,No,76,Pass
219,16,Female,6.8,82.7,45,Postgraduate,Yes,Yes,66,Pass
220,19,Female,8.6,63.7,85,Graduate,No,No,78,Pass
221,17,Female,6.9,97.5,93,Graduate,No,Yes,87,Pass
222,17,Male,6.1,57.6,58,Graduate,No,Yes,54,Fail
223,16,Female,1.8,71.6,71,Secondary,Yes,No,50,Fail
224,16,Male,4.3,97.2,48,Graduate,Yes,No,64,Pass
225,18,Female,3.4,71.0,51,Primary,Yes,No,51,Fail
226,16,Female,3.2,81.9,50,Graduate,Yes,No,50,Fail
227,16,Female,9.8,69.9,85,Postgraduate,No,No,88,Pass
228,17,Male,4.5,63.7,94,Graduate,No,Yes,64,Pass
229,18,Male,9.0,99.2,55,Secondary,No,No,80,Pass
230,16,Female,6.7,70.5,40,Secondary,No,No,60,Pass
231,16,Female,8.2,94.7,84,Primary,Yes,No,84,Pass
232,18,Male,5.5,61.5,94,Secondary,No,Yes,65,Pass
233,19,Male,6.2,60.7,92,Graduate,No,No,73,Pass
234,18,Male,5.4,51.6,60,Postgraduate,Yes,No,57,Fail
235,17,Female,2.8,82.6,69,Secondary,Yes,No,51,Fail
236,19,Male,7.5,68.4,52,Primary,No,Yes,67,Pass
237,15,Female,3.5,93.2,73,Graduate,Yes,Yes,66,Pass
238,18,Male,1.2,73.7,43,Primary,No,No,41,Fail
239,17,Female,6.8,98.4,67,Secondary,Yes,Yes,78,Pass
240,19,Female,2.6,59.3,77,Secondary,Yes,No,51,Fail
241,18,Female,9.5,93.4,97,Primary,No,Yes,93,Pass
242,16,Male,9.6,88.8,70,Graduate,Yes,No,88,Pass
243,18,Male,9.2,88.5,98,Secondary,No,Yes,89,Pass
244,15,Male,4.3,92.2,94,Postgraduate,Yes,No,76,Pass
245,18,Female,1.1,88.1,66,Secondary,Yes,No,46,Fail
246,19,Female,9.4,81.3,44,Graduate,Yes,Yes,71,Pass
247,19,Male,4.9,56.6,64,Secondary,Yes,No,56,Fail
248,18,Female,9.7,51.6,42,Primary,Yes,No,70,Pass
249,19,Female,9.7,96.0,72,Secondary,No,No,87,Pass
250,16,Female,8.7,80.8,43,Secondary,Yes,No,75,Pass
251,18,Male,3.7,89.8,64,Graduate,No,Yes,62,Pass
252,16,Female,4.5,74.1,59,Primary,Yes,No,60,Pass
253,16,Male,8.7,55.9,73,Graduate,No,Yes,74,Pass
254,17,Male,3.9,56.3,65,Secondary,Yes,Yes,50,Fail
255,18,Male,2.5,84.3,44,Postgraduate,No,Yes,50,Fail
256,19,Male,6.0,71.5,74,Secondary,No,Yes,65,Pass
257,16,Male,9.4,60.0,67,Graduate,Yes,No,71,Pass
258,17,Female,7.3,74.6,68,Postgraduate,Yes,No,71,Pass
259,18,Male,6.1,53.2,48,Graduate,Yes,Yes,57,Fail
260,18,Male,1.9,79.1,91,Graduate,No,No,53,Fail
261,15,Male,6.5,63.4,77,Primary,No,Yes,72,Pass
262,15,Female,9.9,89.9,89,Postgraduate,Yes,No,94,Pass
263,16,Female,2.3,65.5,45,Secondary,Yes,No,46,Fail
264,15,Female,5.7,72.8,58,Graduate,No,No,65,Pass
265,16,Female,8.9,50.6,99,Secondary,No,Yes,84,Pass
266,19,Male,7.7,53.6,83,Primary,Yes,Yes,74,Pass
267,16,Male,7.3,69.6,96,Primary,No,No,82,Pass
268,15,Female,7.3,74.0,50,Postgraduate,Yes,Yes,63,Pass
269,19,Female,4.2,80.0,41,Primary,Yes,Yes,52,Fail
270,15,Female,3.6,64.6,86,Primary,Yes,No,61,Pass
271,16,Female,8.3,84.7,83,Secondary,No,Yes,85,Pass
272,17,Male,8.3,93.0,83,Primary,No,No,84,Pass
273,18,Female,8.8,89.0,48,Primary,No,No,71,Pass
274,15,Female,9.2,52.0,60,Graduate,No,No,65,Pass
275,16,Female,5.6,74.0,63,Primary,Yes,Yes,61,Pass
276,19,Female,5.5,55.2,73,Graduate,No,No,60,Pass
277,15,Female,8.2,62.1,61,Primary,Yes,No,71,Pass
278,15,Female,6.8,99.3,42,Primary,Yes,Yes,69,Pass
279,18,Female,7.3,57.1,51,Postgraduate,Yes,Yes,64,Pass
280,16,Male,8.2,74.9,67,Postgraduate,No,Yes,78,Pass
281,17,Male,9.0,80.9,69,Graduate,Yes,Yes,76,Pass
282,19,Male,4.0,85.1,65,Primary,Yes,No,65,Pass
283,16,Male,4.4,78.0,87,Secondary,No,Yes,62,Pass
284,19,Male,1.8,50.5,60,Postgraduate,Yes,Yes,36,Fail
285,15,Male,6.2,66.3,67,Secondary,No,Yes,63,Pass
286,18,Female,1.3,75.9,95,Postgraduate,No,Yes,54,Fail
287,18,Female,5.2,54.4,65,Postgraduate,No,No,54,Fail
288,17,Male,5.9,67.5,72,Primary,Yes,Yes,68,Pass
289,18,Female,3.6,51.7,60,Postgraduate,No,No,49,Fail
290,15,Male,6.3,53.9,74,Secondary,No,Yes,63,Pass
291,17,Female,1.3,69.8,91,Postgraduate,No,No,48,Fail
292,16,Female,1.3,56.6,73,Graduate,No,No,40,Fail
293,18,Female,8.4,78.4,80,Primary,Yes,Yes,81,Pass
294,17,Female,4.2,84.5,90,Primary,No,No,65,Pass
295,15,Female,2.1,90.0,86,Graduate,Yes,Yes,65,Pass
296,19,Female,5.7,60.0,57,Graduate,No,No,56,Fail
297,19,Male,7.9,58.4,97,Graduate,Yes,No,77,Pass
298,15,Male,2.9,55.2,50,Postgraduate,No,No,43,Fail
299,15,Female,6.6,81.8,96,Primary,Yes,Yes,79,Pass
300,19,Male,1.8,85.3,62,Graduate,No,No,51,Fail
301,17,Female,1.5,51.6,87,Postgraduate,Yes,Yes,43,Fail
302,19,Male,5.8,96.8,61,Graduate,Yes,No,74,Pass
303,15,Female,5.9,52.6,56,Secondary,Yes,No,53,Fail
304,18,Male,6.7,77.1,44,Secondary,No,No,63,Pass
305,16,Female,7.5,85.5,83,Primary,Yes,No,82,Pass
306,18,Male,9.8,93.5,50,Postgraduate,Yes,No,77,Pass
307,18,Female,5.6,85.7,69,Secondary,Yes,No,63,Pass
308,15,Male,3.9,90.1,54,Secondary,Yes,Yes,54,Fail
309,19,Female,8.2,67.0,66,Postgraduate,No,Yes,72,Pass
310,17,Female,3.4,90.7,74,Graduate,Yes,Yes,66,Pass
311,18,Female,5.0,54.0,72,Postgraduate,Yes,No,55,Fail
312,19,Male,1.7,94.7,59,Graduate,Yes,Yes,49,Fail
313,17,Male,1.2,77.4,55,Secondary,No,No,46,Fail
314,18,Male,9.7,90.9,73,Secondary,Yes,Yes,91,Pass
315,17,Female,8.5,72.6,41,Secondary,Yes,Yes,71,Pass
316,19,Male,7.3,82.2,74,Primary,Yes,No,75,Pass
317,16,Female,4.7,76.3,79,Primary,Yes,No,68,Pass
318,19,Male,2.6,86.6,95,Primary,No,Yes,60,Pass
319,15,Male,2.4,54.1,67,Postgraduate,Yes,Yes,42,Fail
320,17,Male,3.3,53.0,86,Secondary,Yes,Yes,55,Fail
321,16,Male,5.9,62.4,78,Secondary,No,Yes,66,Pass
322,17,Female,7.4,58.0,45,Postgraduate,No,No,60,Pass
323,17,Male,6.9,93.6,48,Primary,No,Yes,70,Pass
324,18,Male,3.5,61.0,59,Postgraduate,Yes,No,46,Fail
325,15,Female,9.6,98.8,99,Primary,No,No,100,Pass
326,17,Female,7.6,66.8,40,Secondary,Yes,Yes,62,Pass
327,19,Male,6.0,59.1,47,Graduate,No,No,53,Fail
328,19,Male,6.5,89.5,94,Primary,Yes,Yes,78,Pass
329,18,Female,4.8,82.9,62,Secondary,No,No,58,Fail
330,15,Female,3.2,74.9,42,Secondary,Yes,No,42,Fail
331,15,Female,4.2,77.8,43,Graduate,No,Yes,52,Fail
332,19,Male,7.8,86.0,97,Secondary,Yes,No,82,Pass
333,16,Male,1.1,61.4,64,Secondary,Yes,No,38,Fail
334,18,Male,2.0,99.8,86,Primary,Yes,Yes,64,Pass
335,18,Female,1.4,98.7,77,Primary,Yes,No,60,Pass
336,19,Female,1.4,82.5,54,Graduate,Yes,No,50,Fail
337,19,Female,8.7,60.0,60,Graduate,Yes,Yes,72,Pass
338,16,Male,7.3,84.0,74,Secondary,Yes,Yes,74,Pass
339,16,Female,5.3,53.6,96,Primary,Yes,No,61,Pass
340,15,Male,1.9,51.5,92,Graduate,No,No,51,Fail
341,18,Female,5.4,62.9,92,Graduate,Yes,No,63,Pass
342,18,Male,5.3,73.1,85,Postgraduate,Yes,Yes,66,Pass
343,19,Male,2.6,93.4,91,Graduate,No,No,67,Pass
344,15,Female,4.9,86.4,53,Secondary,Yes,No,57,Fail
345,18,Male,4.6,87.1,75,Primary,No,No,67,Pass
346,15,Female,6.5,71.3,51,Graduate,Yes,No,62,Pass
347,15,Male,6.7,67.3,56,Postgraduate,No,No,66,Pass
348,19,Female,1.4,68.6,78,Primary,No,No,48,Fail
349,15,Female,4.4,99.4,48,Graduate,Yes,Yes,65,Pass
350,16,Male,6.6,52.0,74,Postgraduate,No,Yes,62,Pass
351,16,Female,5.5,93.4,99,Graduate,Yes,No,78,Pass
352,17,Male,8.7,78.9,52,Primary,Yes,No,78,Pass
353,19,Female,6.9,71.9,54,Primary,Yes,Yes,64,Pass
354,17,Female,2.5,86.3,57,Primary,Yes,Yes,54,Fail
355,16,Female,1.6,74.3,90,Secondary,No,Yes,59,Fail
356,17,Female,6.8,93.7,72,Graduate,Yes,No,78,Pass
357,19,Male,1.2,95.0,45,Secondary,No,No,42,Fail
358,19,Female,6.3,71.1,98,Primary,No,No,76,Pass
359,15,Female,9.5,63.8,66,Postgraduate,Yes,No,78,Pass
360,18,Male,6.2,79.6,62,Graduate,Yes,Yes,67,Pass
361,15,Male,4.5,95.6,98,Secondary,Yes,Yes,75,Pass
362,19,Male,6.8,60.5,66,Graduate,Yes,Yes,68,Pass
363,16,Male,5.1,81.1,73,Postgraduate,No,Yes,63,Pass
364,16,Male,5.9,81.6,95,Secondary,Yes,No,80,Pass
365,15,Male,9.5,86.7,85,Primary,No,No,87,Pass
366,19,Female,4.5,56.6,77,Secondary,Yes,Yes,61,Pass
367,16,Male,9.7,85.8,53,Graduate,Yes,Yes,80,Pass
368,19,Female,9.1,95.5,75,Graduate,Yes,Yes,89,Pass
369,16,Male,2.8,59.0,92,Graduate,Yes,Yes,57,Fail
370,19,Female,1.6,61.9,47,Graduate,No,Yes,35,Fail
371,17,Female,1.9,98.6,74,Primary,No,No,56,Fail
372,19,Female,1.2,59.0,58,Secondary,Yes,No,35,Fail
373,19,Male,1.8,92.7,69,Primary,No,Yes,58,Fail
374,15,Male,7.1,74.6,53,Primary,No,Yes,67,Pass
375,17,Male,1.6,62.4,98,Primary,Yes,Yes,49,Fail
376,18,Male,3.9,93.5,59,Graduate,Yes,No,58,Fail
377,15,Female,8.6,72.3,88,Graduate,No,No,80,Pass
378,18,Male,1.2,75.7,64,Graduate,No,No,44,Fail
379,16,Female,8.3,68.0,79,Secondary,No,Yes,76,Pass
380,18,Female,3.5,79.6,63,Postgraduate,No,No,53,Fail
381,19,Male,2.1,58.2,53,Graduate,Yes,Yes,38,Fail
382,18,Male,7.3,69.6,65,Secondary,Yes,No,64,Pass
383,15,Male,6.7,98.5,77,Graduate,No,No,80,Pass
384,15,Female,8.9,62.9,62,Graduate,Yes,No,77,Pass
385,18,Male,7.6,82.8,61,Primary,No,Yes,68,Pass
386,15,Female,8.2,66.3,87,Primary,No,Yes,74,Pass
387,15,Male,3.5,88.7,96,Primary,Yes,No,67,Pass
388,18,Female,2.6,56.5,58,Secondary,No,Yes,42,Fail
389,17,Male,7.8,98.5,85,Postgraduate,No,Yes,85,Pass
390,17,Male,8.3,72.7,90,Postgraduate,Yes,Yes,78,Pass
391,16,Female,9.9,61.8,42,Secondary,Yes,Yes,68,Pass
392,15,Male,4.7,53.7,81,Graduate,No,Yes,54,Fail
393,18,Male,4.3,58.5,58,Secondary,No,Yes,48,Fail
394,15,Male,8.0,76.0,48,Graduate,Yes,Yes,64,Pass
395,19,Male,4.1,66.9,67,Secondary,No,No,60,Pass
396,15,Male,9.4,91.4,59,Secondary,No,Yes,86,Pass
397,15,Male,8.7,71.5,84,Secondary,Yes,Yes,79,Pass
398,17,Male,4.9,62.4,46,Postgraduate,Yes,No,50,Fail
399,18,Female,7.8,80.9,53,Primary,Yes,No,72,Pass
400,15,Female,7.8,85.3,48,Secondary,Yes,No,75,Pass
401,17,Male,1.9,58.4,98,Postgraduate,Yes,No,57,Fail
402,16,Male,9.1,58.4,99,Primary,Yes,Yes,86,Pass
403,17,Male,5.5,51.8,94,Primary,No,No,64,Pass
404,17,Female,8.4,86.8,96,Secondary,No,No,92,Pass
405,17,Female,3.9,83.2,99,Graduate,Yes,Yes,65,Pass
406,15,Male,9.1,73.7,58,Graduate,Yes,Yes,70,Pass
407,15,Female,4.5,92.2,86,Graduate,No,Yes,71,Pass
408,16,Male,1.1,90.3,91,Secondary,No,No,54,Fail
409,19,Male,9.1,79.3,53,Graduate,No,Yes,78,Pass
410,19,Male,1.8,93.4,95,Postgraduate,Yes,No,66,Pass
411,19,Male,3.9,60.3,77,Postgraduate,Yes,Yes,54,Fail
412,16,Female,9.6,55.6,92,Postgraduate,No,Yes,81,Pass
413,19,Female,9.6,63.5,75,Postgraduate,Yes,No,81,Pass
414,19,Male,6.2,52.9,79,Primary,Yes,Yes,61,Pass
415,17,Female,6.7,76.6,56,Postgraduate,Yes,Yes,65,Pass
416,15,Female,5.0,96.8,69,Graduate,No,Yes,66,Pass
417,15,Male,3.6,52.0,48,Secondary,No,Yes,48,Fail
418,17,Female,4.0,56.1,72,Graduate,Yes,Yes,51,Fail
419,17,Male,7.1,72.6,95,Postgraduate,Yes,No,75,Pass
420,17,Male,7.8,96.7,91,Primary,Yes,No,88,Pass
421,15,Male,8.1,65.8,64,Postgraduate,Yes,Yes,72,Pass
422,19,Male,8.1,75.4,53,Secondary,Yes,No,71,Pass
423,17,Female,1.8,52.1,50,Graduate,No,No,41,Fail
424,16,Male,5.4,57.4,92,Secondary,Yes,No,68,Pass
425,17,Female,1.5,99.3,74,Secondary,Yes,Yes,56,Fail
426,18,Male,5.9,98.3,80,Secondary,Yes,Yes,76,Pass
427,17,Male,5.0,50.2,98,Graduate,No,Yes,62,Pass
428,15,Female,9.0,97.6,53,Postgraduate,No,No,82,Pass
429,17,Male,4.2,82.0,69,Secondary,Yes,No,66,Pass
430,18,Female,2.1,93.4,80,Graduate,No,Yes,58,Fail
431,16,Female,2.3,72.7,43,Primary,No,Yes,39,Fail
432,19,Male,7.9,75.8,98,Graduate,No,No,81,Pass
433,17,Male,6.6,74.4,43,Primary,No,No,63,Pass
434,18,Male,1.9,83.3,67,Graduate,No,Yes,55,Fail
435,18,Male,1.8,57.0,47,Postgraduate,No,No,35,Fail
436,16,Male,7.3,51.5,41,Secondary,Yes,No,57,Fail
437,15,Male,1.7,65.4,80,Postgraduate,No,No,53,Fail
438,17,Female,8.4,85.2,85,Graduate,No,No,82,Pass
439,18,Female,7.4,60.1,61,Secondary,Yes,No,69,Pass
440,16,Male,1.7,83.7,80,Primary,Yes,No,52,Fail
441,19,Female,1.8,98.5,95,Graduate,Yes,No,64,Pass
442,18,Female,9.9,54.7,94,Secondary,Yes,Yes,79,Pass
443,16,Male,4.4,83.6,55,Primary,No,Yes,56,Fail
444,15,Male,4.3,72.2,68,Primary,No,No,61,Pass
445,15,Female,8.3,93.4,88,Postgraduate,No,No,89,Pass
446,18,Male,9.5,58.9,87,Graduate,No,No,79,Pass
447,18,Female,9.9,84.6,69,Primary,Yes,Yes,81,Pass
448,17,Male,7.8,91.9,51,Secondary,No,Yes,76,Pass
449,16,Female,4.4,97.2,74,Primary,No,No,70,Pass
450,18,Female,1.8,84.2,50,Primary,Yes,Yes,51,Fail
451,17,Female,8.0,74.9,85,Postgraduate,No,No,77,Pass
452,17,Female,6.0,80.9,89,Postgraduate,No,No,71,Pass
453,18,Male,4.8,93.4,60,Secondary,No,No,61,Pass
454,15,Male,9.2,78.5,60,Postgraduate,No,No,81,Pass
455,16,Female,2.0,51.5,44,Primary,Yes,No,35,Fail
456,16,Female,5.4,96.5,87,Primary,Yes,No,77,Pass
457,15,Male,1.1,84.5,59,Postgraduate,Yes,No,46,Fail
458,18,Male,5.2,83.8,76,Primary,Yes,Yes,70,Pass
459,16,Female,1.5,60.8,42,Primary,Yes,No,35,Fail
460,18,Female,2.1,82.9,83,Secondary,No,Yes,59,Fail
461,18,Female,2.1,69.7,72,Postgraduate,No,No,49,Fail
462,17,Female,6.8,82.6,92,Primary,Yes,No,78,Pass
463,15,Female,7.7,55.3,48,Postgraduate,Yes,Yes,64,Pass
464,18,Male,6.3,82.9,48,Secondary,Yes,Yes,67,Pass
465,19,Female,9.7,100.0,43,Postgraduate,No,No,84,Pass
466,15,Male,4.4,52.4,74,Primary,Yes,Yes,55,Fail
467,16,Male,3.6,98.9,56,Postgraduate,No,No,60,Pass
468,17,Male,8.8,70.3,73,Primary,No,No,77,Pass
469,16,Female,3.0,93.5,63,Primary,No,Yes,61,Pass
470,16,Male,9.7,89.1,71,Primary,No,Yes,90,Pass
471,15,Male,1.1,78.4,40,Secondary,Yes,Yes,41,Fail
472,16,Male,9.7,86.9,47,Postgraduate,No,Yes,79,Pass
473,18,Male,1.4,93.9,84,Secondary,No,No,59,Fail
474,16,Female,9.0,70.2,62,Postgraduate,Yes,Yes,75,Pass
475,17,Female,5.7,66.4,86,Secondary,No,Yes,67,Pass
476,17,Male,9.9,83.4,79,Graduate,No,Yes,86,Pass
477,19,Male,1.7,90.4,51,Primary,No,Yes,46,Fail
478,17,Female,6.0,88.1,93,Primary,Yes,Yes,75,Pass
479,16,Female,9.7,89.9,51,Secondary,No,No,81,Pass
480,17,Female,5.7,71.8,85,Graduate,No,No,67,Pass
481,15,Male,6.7,90.9,86,Primary,Yes,Yes,79,Pass
482,17,Female,7.3,56.0,54,Postgraduate,Yes,Yes,59,Fail
483,18,Male,5.1,77.2,80,Secondary,No,No,65,Pass
484,15,Male,6.6,50.3,58,Primary,No,Yes,61,Pass
485,19,Female,6.3,66.2,65,Primary,Yes,No,63,Pass
486,18,Male,9.1,68.3,91,Secondary,No,No,85,Pass
487,16,Female,1.4,69.8,68,Secondary,Yes,Yes,50,Fail
488,16,Male,3.5,84.8,61,Postgraduate,No,No,53,Fail
489,16,Female,9.6,69.4,79,Postgraduate,Yes,Yes,81,Pass
490,18,Male,9.0,72.4,60,Primary,No,Yes,78,Pass
491,18,Male,5.1,61.9,90,Primary,Yes,No,62,Pass
492,18,Female,6.6,68.7,77,Secondary,Yes,No,73,Pass
493,15,Female,3.5,61.4,59,Primary,Yes,Yes,50,Fail
494,15,Female,2.7,53.7,96,Primary,Yes,No,53,Fail
495,16,Female,5.2,80.2,68,Secondary,Yes,Yes,66,Pass
496,17,Male,4.2,83.4,90,Primary,No,No,70,Pass
497,16,Female,6.3,81.0,43,Primary,No,No,62,Pass
498,19,Female,1.7,73.2,94,Graduate,Yes,Yes,55,Fail
499,15,Male,9.8,69.0,46,Postgraduate,No,Yes,73,Pass
500,18,Female,9.9,93.2,67,Secondary,No,Yes,86,Pass
501,15,Female,7.3,76.0,67,Graduate,No,No,74,Pass
502,18,Male,5.8,74.0,43,Postgraduate,No,Yes,53,Fail
503,19,Female,3.8,51.3,61,Postgraduate,No,Yes,49,Fail
504,19,Female,8.3,67.1,51,Postgraduate,No,No,72,Pass
505,15,Female,7.2,69.0,84,Graduate,Yes,No,78,Pass
506,18,Female,2.5,69.9,42,Graduate,No,Yes,39,Fail
507,19,Female,9.2,79.0,61,Postgraduate,No,Yes,81,Pass
508,16,Female,8.4,76.7,83,Primary,No,Yes,76,Pass
509,16,Male,9.5,80.4,41,Primary,Yes,Yes,78,Pass
510,18,Female,7.5,88.2,63,Graduate,No,No,75,Pass
511,15,Male,6.5,90.6,73,Graduate,No,No,78,Pass
512,19,Male,4.8,85.9,66,Graduate,No,Yes,59,Fail
513,15,Male,9.4,97.8,94,Postgraduate,Yes,Yes,93,Pass
514,16,Male,8.8,50.9,80,Primary,No,Yes,72,Pass
515,19,Female,1.4,59.8,40,Graduate,Yes,No,38,Fail
516,15,Female,1.2,50.4,47,Graduate,No,Yes,35,Fail
517,17,Female,4.4,82.4,62,Secondary,Yes,Yes,59,Fail
518,18,Male,8.3,94.9,77,Postgraduate,Yes,No,84,Pass
519,18,Female,9.9,62.2,45,Secondary,Yes,No,66,Pass
520,17,Female,2.4,96.4,61,Primary,No,Yes,51,Fail
521,16,Female,6.3,53.0,64,Secondary,Yes,Yes,63,Pass
522,19,Male,4.4,96.7,57,Secondary,Yes,No,60,Pass
523,18,Male,9.7,67.6,56,Secondary,Yes,Yes,73,Pass
524,17,Female,8.6,55.1,51,Postgraduate,Yes,Yes,61,Pass
525,17,Male,8.5,74.3,45,Primary,No,No,72,Pass
526,16,Male,5.2,62.8,65,Secondary,No,No,61,Pass
527,16,Female,4.7,64.2,66,Postgraduate,No,No,53,Fail
528,15,Male,3.5,65.4,47,Primary,No,Yes,49,Fail
529,18,Male,1.5,90.2,58,Graduate,Yes,No,51,Fail
530,15,Female,8.8,77.0,99,Secondary,No,No,88,Pass
531,17,Male,8.3,65.6,81,Primary,Yes,Yes,72,Pass
532,19,Male,10.0,80.5,40,Secondary,No,Yes,77,Pass
533,19,Male,10.0,85.8,96,Graduate,No,No,98,Pass
534,16,Male,6.0,63.6,68,Primary,No,No,64,Pass
535,19,Male,7.9,70.7,84,Postgraduate,Yes,Yes,81,Pass
536,19,Male,9.5,56.1,88,Primary,No,Yes,76,Pass
537,19,Male,8.6,59.1,74,Postgraduate,No,No,70,Pass
538,17,Male,3.2,84.1,79,Primary,No,No,64,Pass
539,19,Female,5.1,59.1,53,Postgraduate,Yes,Yes,57,Fail
540,19,Female,2.2,76.3,74,Graduate,No,No,53,Fail
541,19,Female,9.6,85.5,87,Graduate,No,Yes,90,Pass
542,15,Female,6.5,55.3,84,Graduate,Yes,No,65,Pass
543,17,Male,3.1,78.4,59,Primary,Yes,Yes,51,Fail
544,16,Female,7.0,62.8,95,Graduate,No,Yes,74,Pass
545,15,Female,6.6,98.1,88,Secondary,No,No,79,Pass
546,18,Male,4.2,74.2,52,Graduate,No,No,49,Fail
547,17,Male,2.0,90.3,77,Postgraduate,Yes,Yes,53,Fail
548,17,Male,7.0,77.5,88,Postgraduate,Yes,No,78,Pass
549,18,Male,5.7,52.2,85,Postgraduate,Yes,No,58,Fail
550,18,Male,8.0,81.7,88,Primary,No,No,77,Pass
551,18,Female,5.7,97.6,47,Secondary,Yes,Yes,63,Pass
552,16,Male,8.7,80.1,82,Graduate,No,No,87,Pass
553,19,Female,6.0,91.0,59,Secondary,Yes,No,67,Pass
554,17,Female,6.0,94.2,99,Secondary,Yes,Yes,79,Pass
555,19,Male,8.9,61.4,72,Postgraduate,Yes,No,71,Pass
556,19,Female,4.6,60.6,65,Postgraduate,No,No,51,Fail
557,18,Female,2.2,80.5,78,Postgraduate,No,Yes,53,Fail
558,16,Male,1.3,70.6,60,Primary,No,Yes,42,Fail
559,15,Female,7.8,92.0,92,Secondary,No,No,83,Pass
560,16,Female,6.6,95.0,88,Secondary,Yes,No,83,Pass
561,19,Female,7.3,67.7,81,Primary,No,Yes,77,Pass
562,16,Male,2.9,61.8,82,Primary,Yes,Yes,49,Fail
563,18,Male,2.2,89.0,93,Primary,No,No,59,Fail
564,15,Male,1.1,63.7,80,Secondary,No,No,48,Fail
565,18,Female,4.2,91.1,48,Secondary,Yes,No,56,Fail
566,15,Male,6.3,71.2,63,Postgraduate,Yes,Yes,67,Pass
567,19,Female,4.5,83.4,76,Postgraduate,No,No,62,Pass
568,15,Male,4.9,54.8,88,Secondary,No,Yes,62,Pass
569,15,Female,9.1,81.2,80,Postgraduate,Yes,Yes,87,Pass
570,15,Male,4.1,72.6,56,Primary,Yes,Yes,49,Fail
571,16,Male,5.6,79.3,63,Graduate,Yes,No,60,Pass
572,16,Female,8.1,58.4,60,Postgraduate,Yes,No,69,Pass
573,19,Male,4.6,86.8,90,Secondary,Yes,No,68,Pass
574,15,Female,6.6,93.1,98,Postgraduate,No,Yes,82,Pass
575,17,Male,8.8,60.8,78,Postgraduate,No,No,71,Pass
576,19,Male,9.5,54.8,94,Postgraduate,No,Yes,81,Pass
577,15,Female,2.3,51.2,80,Graduate,No,Yes,48,Fail
578,15,Female,9.3,82.1,78,Primary,Yes,Yes,87,Pass
579,16,Female,5.4,80.4,52,Secondary,Yes,Yes,58,Fail
580,19,Male,3.3,77.3,50,Graduate,Yes,Yes,48,Fail
581,15,Female,5.1,61.6,85,Secondary,No,Yes,68,Pass
582,15,Male,9.8,69.5,58,Secondary,Yes,No,80,Pass
583,19,Female,5.4,79.7,50,Secondary,Yes,Yes,58,Fail
584,17,Female,4.0,74.8,52,Graduate,No,No,52,Fail
585,19,Female,6.7,99.4,85,Primary,No,Yes,83,Pass
586,19,Female,3.2,56.8,84,Secondary,No,No,51,Fail
587,17,Female,1.7,84.8,40,Primary,Yes,No,46,Fail
588,19,Female,2.2,70.2,79,Primary,Yes,No,53,Fail
589,15,Male,2.2,71.4,83,Postgraduate,No,No,52,Fail
590,19,Female,2.4,85.9,58,Graduate,No,Yes,55,Fail
591,17,Male,2.2,84.6,51,Graduate,Yes,Yes,48,Fail
592,18,Female,6.8,99.6,47,Postgraduate,No,Yes,73,Pass
593,19,Female,2.6,56.4,47,Postgraduate,Yes,Yes,42,Fail
594,16,Female,4.1,55.2,92,Primary,No,No,62,Pass
595,15,Male,9.1,86.2,84,Secondary,No,No,88,Pass
596,15,Male,5.3,78.9,51,Graduate,No,No,57,Fail
597,16,Female,7.0,63.7,87,Secondary,Yes,Yes,69,Pass
598,16,Male,2.6,54.0,72,Secondary,Yes,No,49,Fail
599,19,Female,2.7,54.3,84,Postgraduate,No,Yes,49,Fail
600,16,Female,1.4,94.7,65,Secondary,Yes,No,50,Fail
601,18,Male,2.5,59.6,78,Primary,No,No,47,Fail
602,17,Male,3.5,66.2,67,Postgraduate,No,No,51,Fail
603,16,Male,2.6,61.3,97,Secondary,Yes,No,59,Fail
604,16,Male,1.8,67.7,44,Postgraduate,Yes,No,35,Fail
605,18,Female,2.1,53.5,47,Primary,Yes,Yes,35,Fail
606,15,Male,5.1,76.0,64,Primary,Yes,No,61,Pass
607,15,Male,2.9,53.4,66,Secondary,No,Yes,46,Fail
608,19,Female,4.3,90.0,85,Postgraduate,Yes,Yes,64,Pass
609,18,Male,5.5,61.7,62,Secondary,Yes,Yes,59,Fail
610,17,Male,7.2,77.0,69,Secondary,No,Yes,67,Pass
611,17,Male,1.4,94.0,84,Postgraduate,No,Yes,58,Fail
612,18,Male,8.2,82.5,86,Secondary,No,Yes,86,Pass
613,17,Female,6.7,76.6,62,Primary,No,Yes,67,Pass
614,15,Female,1.7,66.2,88,Postgraduate,Yes,Yes,53,Fail
615,17,Male,8.9,66.7,86,Postgraduate,Yes,No,83,Pass
616,17,Male,9.3,83.5,59,Postgraduate,No,No,74,Pass
617,18,Female,1.5,99.7,57,Postgraduate,No,Yes,49,Fail
618,18,Male,3.5,83.1,57,Secondary,Yes,Yes,59,Fail
619,17,Male,8.3,77.9,41,Secondary,Yes,Yes,65,Pass
620,16,Male,7.7,86.5,43,Primary,Yes,No,69,Pass
621,18,Male,2.7,73.3,69,Graduate,Yes,No,52,Fail
622,19,Male,2.9,53.0,72,Graduate,Yes,Yes,45,Fail
623,19,Male,4.3,78.1,75,Primary,No,Yes,64,Pass
624,15,Male,5.4,97.9,57,Graduate,No,No,66,Pass
625,17,Male,6.6,58.8,76,Primary,No,No,61,Pass
626,16,Male,4.3,84.5,58,Secondary,No,Yes,57,Fail
627,15,Female,5.2,60.0,86,Postgraduate,Yes,Yes,64,Pass
628,17,Female,7.7,76.8,67,Postgraduate,No,Yes,74,Pass
629,18,Female,1.3,54.8,79,Secondary,Yes,Yes,46,Fail
630,19,Male,3.3,72.5,59,Postgraduate,Yes,No,53,Fail
631,16,Male,7.4,87.8,88,Postgraduate,Yes,No,79,Pass
632,19,Female,9.1,67.4,72,Graduate,Yes,Yes,78,Pass
633,18,Male,5.6,83.2,51,Secondary,Yes,Yes,64,Pass
634,17,Female,5.8,89.8,97,Graduate,Yes,Yes,77,Pass
635,18,Male,2.0,96.4,90,Graduate,Yes,No,65,Pass
636,18,Female,5.0,61.7,54,Postgraduate,No,Yes,50,Fail
637,19,Female,5.8,70.0,80,Postgraduate,Yes,Yes,72,Pass
638,16,Female,3.2,57.6,78,Secondary,No,Yes,56,Fail
639,18,Male,3.4,99.6,41,Postgraduate,No,No,58,Fail
640,19,Female,4.4,96.4,68,Postgraduate,Yes,Yes,68,Pass
641,16,Male,1.2,77.0,80,Secondary,Yes,No,55,Fail
642,17,Male,3.9,92.1,49,Postgraduate,No,Yes,61,Pass
643,17,Male,2.9,76.0,41,Graduate,No,Yes,41,Fail
644,15,Male,3.9,81.2,90,Secondary,No,Yes,62,Pass
645,19,Male,2.1,54.5,50,Postgraduate,No,No,39,Fail
646,16,Male,9.0,87.8,52,Primary,Yes,Yes,81,Pass
647,18,Male,6.3,56.4,49,Secondary,Yes,Yes,55,Fail
648,17,Female,7.1,91.3,53,Secondary,Yes,No,74,Pass
649,16,Female,8.1,89.1,57,Primary,No,No,75,Pass
650,19,Female,5.5,85.4,90,Postgraduate,Yes,No,70,Pass
651,15,Male,1.8,51.8,93,Postgraduate,No,Yes,54,Fail
652,17,Male,5.8,65.2,48,Secondary,Yes,No,55,Fail
653,16,Male,6.3,63.2,96,Secondary,No,Yes,75,Pass
654,16,Male,7.7,68.0,78,Postgraduate,Yes,No,69,Pass
655,16,Female,4.9,54.4,67,Postgraduate,Yes,No,51,Fail
656,19,Male,2.1,96.8,42,Graduate,No,No,51,Fail
657,19,Female,3.6,77.7,59,Secondary,No,Yes,52,Fail
658,19,Male,4.3,65.3,45,Secondary,No,Yes,54,Fail
659,18,Female,6.8,69.8,66,Primary,No,Yes,63,Pass
660,16,Male,6.1,72.4,92,Graduate,No,Yes,76,Pass
661,17,Female,4.2,80.0,41,Postgraduate,Yes,Yes,50,Fail
662,19,Male,9.9,75.8,68,Graduate,No,Yes,78,Pass
663,19,Female,6.5,96.0,77,Postgraduate,Yes,Yes,79,Pass
664,16,Male,3.1,74.8,42,Postgraduate,Yes,Yes,51,Fail
665,19,Female,1.9,99.6,55,Graduate,Yes,Yes,53,Fail
666,18,Female,2.4,92.6,69,Secondary,Yes,No,58,Fail
667,18,Male,3.2,60.4,79,Postgraduate,Yes,No,58,Fail
668,19,Female,2.4,96.5,41,Graduate,No,Yes,51,Fail
669,16,Male,2.7,55.8,56,Primary,No,Yes,45,Fail
670,16,Male,3.6,90.9,80,Graduate,Yes,Yes,65,Pass
671,16,Male,2.6,69.0,51,Primary,Yes,Yes,44,Fail
672,15,Female,9.1,93.9,74,Postgraduate,No,No,89,Pass
673,19,Female,1.7,93.4,82,Graduate,No,No,59,Fail
674,16,Male,5.7,90.3,40,Graduate,Yes,Yes,59,Fail
675,18,Male,4.7,89.5,94,Primary,No,No,70,Pass
676,17,Female,9.8,65.2,84,Graduate,No,No,81,Pass
677,17,Female,2.0,54.0,54,Graduate,No,Yes,37,Fail
678,16,Female,4.6,70.1,65,Postgraduate,Yes,Yes,54,Fail
679,17,Male,9.7,58.7,76,Graduate,No,Yes,78,Pass
680,17,Male,8.8,84.7,60,Secondary,Yes,Yes,74,Pass
681,15,Male,8.4,67.3,88,Primary,Yes,No,80,Pass
682,18,Male,3.3,98.8,70,Graduate,Yes,Yes,60,Pass
683,18,Male,2.5,82.0,64,Primary,Yes,No,53,Fail
684,15,Female,7.0,91.1,62,Primary,Yes,Yes,77,Pass
685,15,Male,9.4,56.6,63,Primary,No,No,76,Pass
686,17,Female,6.0,93.1,96,Graduate,Yes,Yes,75,Pass
687,19,Female,6.1,96.1,77,Graduate,Yes,Yes,76,Pass
688,17,Male,3.5,74.4,67,Primary,Yes,No,59,Fail
689,15,Female,7.9,80.3,60,Secondary,No,No,71,Pass
690,18,Male,2.7,88.2,93,Primary,No,No,61,Pass
691,17,Female,3.9,58.7,82,Secondary,No,Yes,55,Fail
692,19,Male,4.8,75.1,57,Primary,No,No,53,Fail
693,17,Male,5.6,69.9,75,Postgraduate,No,No,62,Pass
694,16,Female,3.2,57.3,74,Primary,No,No,56,Fail
695,17,Male,2.0,68.4,84,Primary,No,No,56,Fail
696,15,Female,6.5,53.4,94,Graduate,Yes,No,74,Pass
697,18,Male,3.6,51.3,48,Secondary,Yes,No,43,Fail
698,18,Male,6.2,56.8,92,Postgraduate,No,No,69,Pass
699,15,Male,2.4,98.2,77,Secondary,Yes,No,59,Fail
700,16,Female,5.3,77.5,97,Postgraduate,Yes,No,72,Pass
701,15,Female,5.8,98.3,69,Primary,No,Yes,75,Pass
702,17,Male,1.5,71.6,99,Graduate,Yes,Yes,57,Fail
703,15,Female,4.0,65.6,83,Graduate,Yes,No,58,Fail
704,15,Male,2.2,75.3,73,Secondary,No,Yes,49,Fail
705,16,Female,1.6,72.0,71,Graduate,Yes,Yes,52,Fail
706,17,Female,9.9,55.3,42,Secondary,No,No,63,Pass
707,19,Male,3.9,82.0,42,Secondary,No,No,47,Fail
708,19,Male,8.3,60.8,67,Postgraduate,Yes,No,69,Pass
709,18,Male,3.3,81.0,83,Secondary,Yes,No,63,Pass
710,15,Male,7.1,82.5,54,Postgraduate,Yes,No,64,Pass
711,18,Male,7.8,57.6,80,Graduate,No,No,75,Pass
712,16,Female,6.4,53.1,62,Secondary,No,Yes,58,Fail
713,19,Female,5.2,89.0,79,Secondary,No,No,68,Pass
714,15,Male,4.7,73.0,50,Primary,Yes,Yes,50,Fail
715,16,Male,4.1,52.9,87,Secondary,Yes,No,62,Pass
716,16,Male,9.4,99.7,71,Secondary,No,No,86,Pass
717,15,Female,8.5,52.9,97,Primary,Yes,Yes,81,Pass
718,16,Male,9.7,84.8,98,Primary,Yes,No,97,Pass
719,15,Male,2.1,99.2,96,Graduate,No,No,66,Pass
720,15,Female,7.6,62.0,93,Secondary,No,Yes,76,Pass
721,17,Female,9.4,57.1,75,Graduate,Yes,No,72,Pass
722,18,Female,2.6,56.1,99,Graduate,No,Yes,60,Pass
723,16,Female,1.6,65.2,72,Primary,Yes,No,43,Fail
724,16,Male,7.7,55.1,63,Postgraduate,No,No,66,Pass
725,17,Female,6.2,84.6,78,Graduate,No,Yes,69,Pass
726,17,Female,8.6,53.1,73,Postgraduate,No,No,69,Pass
727,17,Male,2.3,75.5,95,Secondary,Yes,Yes,58,Fail
728,19,Male,8.2,99.8,67,Primary,Yes,Yes,81,Pass
729,19,Male,2.8,90.7,76,Secondary,No,Yes,64,Pass
730,19,Female,2.5,80.8,46,Secondary,No,No,46,Fail
731,15,Male,2.5,65.3,43,Primary,No,No,45,Fail
732,16,Female,8.3,81.2,76,Secondary,Yes,Yes,84,Pass
733,18,Female,7.0,76.4,95,Primary,No,No,76,Pass
734,15,Female,5.7,71.3,40,Postgraduate,No,No,58,Fail
735,16,Male,4.2,56.5,40,Secondary,No,No,40,Fail
736,16,Female,8.9,94.3,86,Primary,No,Yes,92,Pass
737,17,Male,4.5,72.5,59,Graduate,Yes,No,60,Pass
738,17,Male,8.3,59.7,58,Secondary,Yes,Yes,72,Pass
739,15,Male,5.0,68.4,68,Postgraduate,No,No,56,Fail
740,17,Female,4.4,70.7,49,Primary,Yes,No,51,Fail
741,16,Female,5.2,91.4,99,Secondary,Yes,Yes,79,Pass
742,17,Female,3.7,86.7,57,Secondary,Yes,No,58,Fail
743,19,Male,7.7,88.5,67,Secondary,No,Yes,72,Pass
744,17,Female,5.5,50.6,74,Postgraduate,Yes,No,58,Fail
745,16,Female,3.1,70.8,82,Primary,Yes,Yes,59,Fail
746,15,Female,9.1,74.1,86,Graduate,Yes,No,82,Pass
747,18,Female,4.5,51.0,70,Graduate,No,No,49,Fail
748,17,Female,5.9,63.0,66,Graduate,No,No,65,Pass
749,16,Male,9.2,88.0,50,Primary,Yes,Yes,77,Pass
750,18,Male,6.6,56.9,88,Graduate,Yes,Yes,65,Pass
751,18,Male,2.1,76.8,88,Postgraduate,No,Yes,59,Fail
752,19,Male,9.5,60.8,77,Primary,No,No,75,Pass
753,18,Female,6.6,50.6,44,Secondary,Yes,Yes,51,Fail
754,16,Male,4.0,62.1,47,Postgraduate,Yes,Yes,52,Fail
755,16,Female,2.3,98.8,73,Secondary,No,Yes,55,Fail
756,17,Male,8.1,90.1,87,Graduate,No,Yes,81,Pass
757,17,Male,6.6,98.0,91,Postgraduate,Yes,Yes,84,Pass
758,17,Male,5.8,74.4,95,Primary,No,Yes,78,Pass
759,18,Female,9.0,55.5,51,Postgraduate,Yes,Yes,63,Pass
760,18,Female,8.1,77.4,77,Secondary,Yes,Yes,78,Pass
761,19,Male,2.4,72.7,40,Primary,Yes,Yes,40,Fail
762,17,Female,3.8,92.2,70,Postgraduate,No,Yes,61,Pass
763,15,Male,3.2,54.9,43,Postgraduate,Yes,No,44,Fail
764,19,Male,7.7,74.4,88,Postgraduate,Yes,No,76,Pass
765,15,Male,1.3,57.5,84,Postgraduate,No,Yes,51,Fail
766,18,Female,6.1,66.2,89,Primary,No,No,70,Pass
767,19,Male,7.9,86.9,44,Secondary,Yes,No,65,Pass
768,19,Male,8.9,73.8,69,Postgraduate,Yes,Yes,79,Pass
769,16,Male,4.1,68.8,95,Primary,No,Yes,67,Pass
770,18,Female,8.4,69.7,63,Secondary,No,Yes,75,Pass
771,18,Male,2.0,73.0,98,Postgraduate,No,No,56,Fail
772,19,Female,8.6,89.3,42,Secondary,Yes,Yes,77,Pass
773,18,Male,2.1,94.6,50,Secondary,Yes,No,46,Fail
774,19,Female,4.6,97.8,84,Primary,Yes,Yes,75,Pass
775,16,Male,8.2,89.3,43,Secondary,No,No,72,Pass
776,19,Male,2.3,65.8,65,Primary,Yes,No,51,Fail
777,18,Female,3.1,84.4,66,Postgraduate,No,Yes,58,Fail
778,18,Female,7.5,71.9,85,Secondary,Yes,Yes,72,Pass
779,19,Male,7.5,62.7,93,Secondary,No,No,71,Pass
780,19,Female,6.8,92.0,82,Graduate,Yes,No,79,Pass
781,19,Male,7.2,51.9,66,Postgraduate,Yes,Yes,63,Pass
782,17,Male,5.9,95.1,81,Postgraduate,No,Yes,79,Pass
783,18,Male,3.3,73.1,90,Graduate,No,No,58,Fail
784,18,Female,4.1,81.9,89,Graduate,Yes,Yes,69,Pass
785,17,Male,2.6,83.0,45,Primary,No,No,47,Fail
786,19,Female,9.2,94.8,98,Primary,No,Yes,90,Pass
787,16,Male,6.3,81.8,54,Secondary,Yes,Yes,69,Pass
788,19,Female,4.6,80.7,92,Secondary,No,Yes,70,Pass
789,19,Female,5.2,53.3,69,Secondary,Yes,No,61,Pass
790,17,Male,9.5,75.9,81,Secondary,Yes,Yes,87,Pass
791,18,Female,2.4,57.5,76,Primary,No,No,47,Fail
792,19,Male,6.3,86.9,97,Postgraduate,No,Yes,76,Pass
793,18,Male,5.6,75.6,76,Secondary,Yes,No,66,Pass
794,15,Male,6.5,84.0,81,Postgraduate,Yes,No,71,Pass
795,18,Male,1.2,52.1,99,Secondary,Yes,Yes,46,Fail
796,16,Male,8.8,54.2,76,Graduate,Yes,No,74,Pass
797,16,Female,9.4,85.8,74,Secondary,Yes,No,89,Pass
798,19,Male,6.1,53.6,62,Secondary,Yes,No,62,Pass
799,18,Female,7.3,53.6,45,Secondary,No,No,56,Fail
800,19,Female,9.3,50.6,43,Primary,No,Yes,65,Pass
801,17,Male,7.4,97.8,57,Graduate,No,Yes,77,Pass
802,16,Female,2.4,86.9,99,Secondary,Yes,Yes,65,Pass
803,19,Male,6.2,67.7,48,Secondary,No,No,61,Pass
804,17,Female,6.5,64.8,88,Postgraduate,Yes,No,69,Pass
805,19,Female,4.8,67.5,68,Graduate,Yes,Yes,54,Fail
806,18,Female,7.6,88.7,52,Secondary,No,Yes,73,Pass
807,18,Male,9.4,83.1,98,Postgraduate,Yes,No,88,Pass
808,18,Female,9.3,59.3,86,Postgraduate,Yes,Yes,80,Pass
809,18,Male,5.1,58.7,91,Primary,Yes,Yes,61,Pass
810,15,Female,2.0,54.9,56,Postgraduate,Yes,No,44,Fail
811,17,Female,9.9,83.0,84,Secondary,Yes,Yes,84,Pass
812,17,Female,8.6,88.2,71,Primary,Yes,No,82,Pass
813,18,Female,2.1,63.3,87,Primary,No,Yes,53,Fail
814,15,Male,9.3,51.0,61,Secondary,Yes,No,69,Pass
815,18,Male,8.8,54.1,43,Graduate,Yes,No,63,Pass
816,15,Female,5.7,98.4,44,Postgraduate,Yes,No,60,Pass
817,18,Female,6.3,64.8,76,Primary,Yes,No,71,Pass
818,16,Male,4.6,88.5,80,Graduate,No,No,67,Pass
819,16,Male,1.5,81.2,88,Secondary,No,Yes,52,Fail
820,19,Male,4.0,69.1,52,Postgraduate,Yes,Yes,53,Fail
821,18,Male,8.2,60.3,73,Postgraduate,Yes,Yes,69,Pass
822,17,Female,1.0,56.1,84,Primary,Yes,No,44,Fail
823,19,Female,4.0,80.8,61,Postgraduate,No,Yes,55,Fail
824,16,Male,4.6,88.7,92,Postgraduate,No,No,69,Pass
825,18,Male,5.8,82.2,98,Postgraduate,No,No,75,Pass
826,19,Male,9.3,76.5,62,Postgraduate,No,Yes,77,Pass
827,18,Male,4.1,52.1,90,Secondary,Yes,No,54,Fail
828,16,Male,4.1,98.4,42,Graduate,No,Yes,56,Fail
829,19,Male,7.6,89.9,81,Secondary,No,No,83,Pass
830,16,Female,5.1,64.6,73,Secondary,Yes,No,65,Pass
831,15,Female,3.0,99.0,71,Primary,Yes,Yes,64,Pass
832,16,Female,5.1,80.1,84,Postgraduate,No,No,72,Pass
833,18,Male,2.3,79.1,90,Secondary,No,Yes,58,Fail
834,17,Male,2.6,87.4,97,Postgraduate,No,No,69,Pass
835,16,Male,5.5,90.6,88,Secondary,No,Yes,73,Pass
836,17,Female,4.8,82.8,60,Secondary,Yes,No,64,Pass
837,15,Male,9.2,56.4,85,Primary,Yes,Yes,82,Pass
838,19,Male,4.3,66.9,83,Graduate,No,Yes,63,Pass
839,19,Female,6.2,96.4,60,Graduate,No,No,72,Pass
840,17,Male,6.7,61.2,83,Secondary,No,Yes,69,Pass
841,19,Female,1.1,68.6,50,Primary,No,No,37,Fail
842,16,Female,7.0,71.6,78,Postgraduate,No,No,76,Pass
843,17,Male,2.6,72.0,43,Postgraduate,Yes,Yes,39,Fail
844,18,Female,9.6,80.6,90,Secondary,Yes,Yes,93,Pass
845,16,Male,2.3,97.2,40,Graduate,Yes,Yes,54,Fail
846,16,Female,4.7,62.0,67,Primary,No,Yes,58,Fail
847,16,Male,1.8,56.1,63,Graduate,No,Yes,37,Fail
848,18,Female,10.0,59.9,74,Postgraduate,Yes,No,75,Pass
849,15,Male,5.5,94.3,52,Graduate,Yes,Yes,64,Pass
850,19,Female,6.4,82.3,86,Postgraduate,No,No,79,Pass
851,17,Female,1.6,64.3,73,Primary,Yes,Yes,47,Fail
852,15,Female,7.7,90.8,50,Primary,No,Yes,70,Pass
853,17,Male,2.9,93.1,75,Secondary,No,Yes,59,Fail
854,19,Male,9.1,92.3,90,Secondary,Yes,No,92,Pass
855,18,Female,2.8,95.9,56,Graduate,Yes,Yes,56,Fail
856,16,Male,2.7,62.6,74,Primary,Yes,No,54,Fail
857,16,Female,1.3,87.8,99,Primary,No,No,61,Pass
858,18,Male,5.2,73.0,57,Secondary,No,No,58,Fail
859,15,Female,6.1,92.1,79,Postgraduate,Yes,Yes,79,Pass
860,15,Male,1.6,86.4,61,Graduate,No,No,51,Fail
861,17,Female,8.0,88.8,96,Graduate,No,Yes,82,Pass
862,18,Female,5.1,82.8,63,Secondary,No,No,65,Pass
863,15,Female,5.7,58.9,97,Primary,Yes,Yes,66,Pass
864,18,Female,5.0,77.3,58,Secondary,No,No,63,Pass
865,19,Male,4.6,99.2,76,Secondary,Yes,Yes,70,Pass
866,16,Female,6.0,96.9,78,Secondary,Yes,Yes,79,Pass
867,16,Male,2.4,52.2,60,Secondary,No,Yes,42,Fail
868,16,Male,2.6,58.2,47,Postgraduate,Yes,No,42,Fail
869,18,Female,8.8,56.6,67,Postgraduate,No,No,70,Pass
870,18,Male,9.5,86.3,44,Primary,Yes,Yes,78,Pass
871,17,Male,4.4,90.9,56,Secondary,Yes,No,56,Fail
872,16,Male,3.4,60.7,76,Postgraduate,No,No,55,Fail
873,17,Female,6.8,75.3,75,Primary,Yes,No,74,Pass
874,16,Male,4.7,92.0,93,Secondary,Yes,No,73,Pass
875,17,Male,1.2,86.6,58,Graduate,Yes,No,44,Fail
876,17,Female,2.4,77.1,66,Postgraduate,No,No,51,Fail
877,19,Female,7.4,79.5,92,Primary,No,No,81,Pass
878,17,Male,6.9,75.4,73,Graduate,Yes,Yes,68,Pass
879,18,Female,1.2,64.9,50,Secondary,Yes,Yes,39,Fail
880,17,Male,3.0,78.3,93,Secondary,Yes,No,63,Pass
881,16,Male,3.1,84.4,84,Secondary,No,Yes,57,Fail
882,17,Male,7.0,93.7,86,Postgraduate,No,Yes,76,Pass
883,15,Female,1.2,81.8,51,Primary,Yes,Yes,48,Fail
884,16,Male,1.9,88.1,93,Graduate,No,No,58,Fail
885,15,Female,8.2,58.0,60,Primary,No,No,72,Pass
886,16,Female,2.6,73.1,93,Postgraduate,No,No,64,Pass
887,18,Male,6.9,50.5,50,Primary,No,No,54,Fail
888,18,Female,3.1,62.3,78,Postgraduate,Yes,No,52,Fail
889,18,Female,1.9,86.3,67,Secondary,No,Yes,49,Fail
890,15,Female,3.2,99.6,44,Graduate,No,No,58,Fail
891,19,Female,7.5,55.0,56,Secondary,Yes,Yes,67,Pass
892,16,Female,8.7,70.1,95,Primary,Yes,No,85,Pass
893,18,Male,8.5,90.0,59,Secondary,No,Yes,79,Pass
894,16,Female,4.6,60.2,80,Graduate,No,No,60,Pass
895,15,Male,7.0,77.8,85,Secondary,Yes,No,73,Pass
896,19,Male,2.8,86.7,97,Graduate,Yes,No,66,Pass
897,15,Male,3.6,80.8,51,Graduate,Yes,No,55,Fail
898,16,Male,9.1,59.4,45,Secondary,No,No,69,Pass
899,19,Male,1.1,67.8,56,Postgraduate,No,No,44,Fail
900,19,Male,1.8,89.2,90,Primary,Yes,Yes,55,Fail
901,15,Female,2.9,77.7,58,Postgraduate,No,No,47,Fail
902,18,Female,1.2,50.3,65,Postgraduate,Yes,Yes,36,Fail
903,16,Female,2.6,88.0,87,Secondary,No,No,59,Fail
904,17,Male,6.2,51.8,83,Primary,Yes,Yes,69,Pass
905,17,Female,4.8,87.3,83,Primary,Yes,Yes,72,Pass
906,15,Female,9.0,60.1,91,Postgraduate,No,Yes,85,Pass
907,16,Female,8.4,97.9,71,Secondary,No,Yes,79,Pass
908,16,Male,4.1,68.4,45,Primary,No,Yes,46,Fail
909,15,Female,3.3,66.3,94,Postgraduate,No,Yes,57,Fail
910,16,Male,4.4,57.4,97,Primary,No,No,60,Pass
911,18,Female,6.3,65.3,75,Secondary,No,Yes,67,Pass
912,15,Male,3.4,93.8,77,Secondary,Yes,No,59,Fail
913,18,Male,6.6,99.8,50,Secondary,No,No,67,Pass
914,16,Male,4.7,68.4,72,Primary,Yes,Yes,55,Fail
915,15,Female,6.0,72.4,63,Graduate,Yes,Yes,63,Pass
916,16,Female,4.9,86.1,62,Primary,No,No,65,Pass
917,15,Male,3.7,94.3,54,Graduate,Yes,Yes,61,Pass
918,16,Female,9.5,79.7,66,Secondary,Yes,Yes,85,Pass
919,18,Male,7.9,69.6,50,Postgraduate,No,Yes,62,Pass
920,18,Male,2.3,70.6,96,Graduate,No,Yes,60,Pass
921,16,Female,8.8,84.8,90,Secondary,No,Yes,86,Pass
922,15,Female,5.4,50.2,89,Secondary,Yes,Yes,67,Pass
923,17,Female,9.1,81.0,56,Graduate,No,Yes,72,Pass
924,18,Male,8.2,67.8,90,Postgraduate,No,No,77,Pass
925,18,Male,4.8,89.7,92,Secondary,No,Yes,74,Pass
926,17,Female,1.2,54.6,53,Graduate,No,No,41,Fail
927,16,Male,3.4,79.4,66,Postgraduate,Yes,No,52,Fail
928,15,Female,5.9,74.0,57,Postgraduate,No,No,63,Pass
929,16,Male,6.7,82.1,67,Secondary,Yes,No,70,Pass
930,19,Female,3.3,53.2,90,Primary,No,Yes,51,Fail
931,18,Female,2.3,79.0,86,Primary,Yes,No,53,Fail
932,19,Male,8.5,78.1,86,Secondary,Yes,No,78,Pass
933,18,Female,9.9,78.0,43,Postgraduate,Yes,No,78,Pass
934,18,Female,5.7,80.2,46,Secondary,No,No,57,Fail
935,19,Male,2.5,83.8,84,Graduate,Yes,No,59,Fail
936,19,Female,3.5,90.2,74,Primary,No,Yes,67,Pass
937,16,Male,1.2,63.5,87,Graduate,No,Yes,52,Fail
938,19,Female,9.2,91.3,48,Secondary,No,No,78,Pass
939,16,Male,2.1,74.9,47,Secondary,No,Yes,47,Fail
940,16,Female,6.2,53.9,91,Postgraduate,No,Yes,70,Pass
941,16,Female,3.5,52.9,84,Postgraduate,Yes,No,57,Fail
942,18,Female,6.0,66.7,56,Postgraduate,No,No,55,Fail
943,18,Female,6.9,89.2,56,Graduate,Yes,No,74,Pass
944,19,Male,8.5,85.4,88,Postgraduate,Yes,Yes,86,Pass
945,18,Male,2.9,89.4,72,Secondary,Yes,No,63,Pass
946,19,Male,1.1,75.9,71,Postgraduate,Yes,Yes,45,Fail
947,18,Male,2.2,72.0,47,Primary,Yes,Yes,41,Fail
948,15,Male,9.1,57.4,58,Postgraduate,Yes,Yes,71,Pass
949,15,Male,8.9,66.4,77,Graduate,Yes,No,81,Pass
950,19,Male,6.4,71.7,42,Primary,No,Yes,60,Pass
951,18,Female,6.4,54.4,98,Primary,Yes,No,68,Pass
952,18,Female,7.0,61.0,44,Primary,No,No,56,Fail
953,16,Female,2.6,79.9,52,Graduate,Yes,No,45,Fail
954,17,Female,9.2,86.8,86,Secondary,Yes,No,91,Pass
955,19,Male,4.8,99.9,85,Postgraduate,Yes,No,71,Pass
956,17,Male,4.4,96.7,70,Primary,Yes,Yes,66,Pass
957,17,Male,5.7,82.1,94,Primary,No,Yes,78,Pass
958,19,Female,1.4,71.1,55,Primary,No,Yes,45,Fail
959,18,Male,2.5,81.8,89,Secondary,No,Yes,57,Fail
960,19,Female,7.6,89.3,71,Secondary,Yes,Yes,75,Pass
961,17,Male,1.7,55.9,61,Graduate,Yes,No,37,Fail
962,18,Male,6.4,70.5,68,Secondary,Yes,No,69,Pass
963,15,Male,3.2,92.0,61,Postgraduate,No,Yes,58,Fail
964,19,Male,4.5,69.2,82,Graduate,Yes,Yes,63,Pass
965,19,Female,3.6,78.6,42,Graduate,No,Yes,53,Fail
966,18,Female,4.2,79.4,93,Postgraduate,No,No,70,Pass
967,15,Male,7.5,59.2,49,Postgraduate,Yes,No,60,Pass
968,15,Female,3.7,68.1,81,Postgraduate,Yes,No,57,Fail
969,18,Male,6.1,66.7,60,Graduate,No,Yes,65,Pass
970,16,Male,5.3,51.3,55,Graduate,No,Yes,48,Fail
971,19,Male,7.0,51.2,51,Graduate,No,Yes,54,Fail
972,19,Male,9.4,91.6,41,Postgraduate,Yes,Yes,73,Pass
973,17,Female,7.6,63.7,80,Postgraduate,Yes,No,73,Pass
974,18,Male,2.9,75.9,63,Primary,Yes,Yes,51,Fail
975,17,Male,1.3,64.9,74,Secondary,Yes,Yes,50,Fail
976,17,Female,3.4,97.0,95,Primary,Yes,Yes,68,Pass
977,15,Male,6.4,63.0,69,Postgraduate,Yes,No,62,Pass
978,19,Female,1.5,71.5,96,Graduate,No,No,53,Fail
979,17,Male,5.5,93.6,69,Postgraduate,No,Yes,70,Pass
980,15,Male,6.4,92.1,86,Secondary,No,No,81,Pass
981,18,Male,4.0,59.3,74,Primary,Yes,No,56,Fail
982,17,Male,7.9,90.1,58,Primary,No,No,74,Pass
983,19,Male,2.0,72.9,89,Graduate,Yes,No,54,Fail
984,17,Male,1.7,74.1,47,Primary,Yes,No,47,Fail
985,18,Female,7.6,56.7,65,Primary,No,Yes,62,Pass
986,17,Male,5.5,54.0,88,Postgraduate,Yes,Yes,59,Fail
987,19,Female,7.2,86.4,79,Primary,No,Yes,81,Pass
988,15,Female,4.9,74.8,46,Primary,No,No,51,Fail
989,19,Male,3.2,71.8,69,Primary,Yes,No,57,Fail
990,15,Female,8.4,86.5,46,Graduate,No,No,76,Pass
991,16,Male,8.2,88.3,42,Graduate,No,No,69,Pass
992,19,Female,7.3,57.9,40,Postgraduate,No,Yes,60,Pass
993,19,Male,3.4,80.5,75,Primary,No,Yes,63,Pass
994,18,Female,6.3,56.8,64,Graduate,Yes,Yes,65,Pass
995,17,Female,4.2,87.6,76,Graduate,No,Yes,69,Pass
996,15,Male,1.8,82.8,40,Postgraduate,No,Yes,43,Fail
997,15,Female,9.3,97.8,54,Secondary,No,Yes,83,Pass
998,18,Male,2.2,53.4,76,Primary,Yes,No,51,Fail
999,18,Male,9.6,52.9,52,Graduate,No,No,67,Pass
1000,17,Male,5.0,64.1,79,Postgraduate,Yes,Yes,57,Fail
